1	Abidji	Ivory Coast	*	*	*	Abidji_DAT_new.txt	new
2	Agarabi	Papua New Guinea	J. Goddard and L. Luff	Scott Merrifield and Bruce Hansen	Bruce Hansen	Agarabi_DAT_new.txt	new
3	Agta	Philippines	Thomas N. Headland	Jason D. Patent	*	Agta_DAT_new.txt	new
4	Aguacatec	Guatemala	H S McArthur, Tino	Ken Merrifield	Ken Merrifield	Aguacatec_DAT_new.txt	new
5	Amarakaeri	Peru	*	*	*	Amarakaeri_DAT_new.txt	new
6	Ampeeli	Papua New Guinea	E. West	Jason Patent	*	Ampeeli_DAT_new.txt	new
7	Amuzgo	*	*	*	*	Amuzgo_Brk_DAT_new.txt	new
8	Angaatiha	Papua New Guinea	*	*	*	Angaatiha_DAT_new.txt	new
9	Apinayé	Brazil	June Morris	Ken Merrifield	Ken Merrifield	Apinaye_DAT_new.txt	new
10	Arabela	Peru	R. and B. Rich	Jason Patent	*	Arabela_DAT_new.txt	new
11	Bahinemo	Papua New Guinea	*	*	*	Bahinemo_DAT_new.txt	new
12	Bauzi	*	*	*	*	Bauzi_DAT_new.txt	new
13	Berik	Indonesia	*	*	*	Berik_DAT_new.txt	new
14	Bété	*	*	*	*	Bete_DAT_new.txt	new
15	Bhili	India	*	*	*	Bhili_DAT_new.txt	new
16	Buglere	*	*	*	*	Buglere_DAT_new.txt	new
17	Cakchiquel	Guatemala	J. Munson	Scott Merrifield	William R. Merrifield	Cakchiquel_DAT_new.txt	new
18	Campa	Peru	Allene Heitzman	Jason D. Patent	*	Campa_DAT_new.txt	new
19	Camsa	*	*	*	*	Camsa_DAT_new.txt	new
20	Candoshi	*	*	*	*	Candoshi_DAT_new.txt	new
21	Cavineña	*	*	*	*	Cavinena_DAT_new.txt	new
22	Cayapa	Ecuador	Neil Wiebe	Scott Merrifield	William R. Merrifield	Cayapa_DAT_new.txt	new
23	Chácobo	*	*	*	*	Chacobo_DAT_new.txt	new
24	Chavacano	*	*	*	*	Chavacano_DAT_new.txt	new
25	Chayahuita	*	*	*	*	Chayahuita_DAT_new.txt	new
26	Chinantec	Mexico	Al & Jeff Anderson	Jason D. Patent	*	Chinantec_DAT_new.txt	new
27	Chiquitano	Bolivia	M. Kr{\x9F}si, L. Rodriguez, E. Lyn (?)	Jason Patent	*	Chiquitano_DAT_new.txt	new
28	Chumburu	*	Hansford	Scott Merrifield	William R. Merrifield	Chumburu_DAT_new.txt	new
29	Cofán	*	*	*	*	Cofan_DAT_new.txt	new
30	Colorado	*	*	*	*	Colorado_DAT_new.txt	new
31	Cree	Canada	Lieselotte Bartlett	Scott Merrifield	William R. Merrifield	Cree_DAT_new.txt	new
32	Culina	Peru, Brazil	P. Adams and T. Fern{\x87}ndez	Jason Patent	*	Culina_DAT_new.txt	new
33	Didinga	*	*	*	*	Didinga_DAT_new.txt	new
34	Djuka	*	*	*	*	Djuka_DAT_new.txt	new
35	Dyimini	*	*	*	*	Dyimini_DAT_new.txt	new
36	Ejagam	*	*	*	*	Ejagham_DAT_new.txt	new
37	Ese Ejja	Bolivia	Kenneth and Joyce Prettol	Scott Merrifield	William R. Merrifield	Ese-Ejja_DAT_new.txt	new
38	Garífuna	Guatemala	Teodora Gamboa	William R. Merrifield	William R. Merrifield	Garifuna_DAT_new.txt	new
39	Guahibo	Colombia	Riena Kondo	Kenneth J. Merrifield	William R. Merrifield	Guahibo_DAT_new.txt	new
40	Guambiano	*	*	*	*	Guambiano_DAT_new.txt	new
41	Guarijío	Mexico	Ron and Sharon Stoltzfus	Kenneth J. Merrifield	William R. Merrifield	Guarijio_DAT_new.txt	new
42	Guaymí	Panama	Arosemena	Patent, Jason	*	Guaymi_DAT_new.txt	new
43	Gunu	Cameroon	D. Heath	Ken Merrifield	Ken Merrifield	Gunu_DAT_new.txt	new
44	Halbi	India	F. Woods and P. Hopple	Jason Patent	*	Halbi_DAT_new.txt	new
45	Huastec	*	*	*	*	Huastec_DAT_new.txt	new
46	Huave	Mexico	G + E Stairs	Scott Merrifield	William R. Merrifield	Huave_DAT_new.txt	new
47	Iduna	*	Ramona Lucht	Jason D. Patent	*	Iduna_DAT_new.txt	new
48	Ifugao	PHILIPPINES	RICHARD AND LOU HOHULIN	KENNETH MERRIFIELD	WILLIAM R. MERRIFIELD	Ifugao_DAT_new.txt	new
49	Iwam	Papua New Guinea	Sailas Yaumor and Jona Yhombwan	Kenneth J. Merrifield	William R. Merrifield	Iwam_DAT_new.txt	new
50	Jicaque	*	*	*	*	Jicaque_DAT_new.txt	new
51	Kalam	*	*	*	*	Kalam_DAT_new.txt	new
52	Kamano-Kafe	*	*	*	*	Kamano-Kafe_DAT_new.txt	new
53	Karajá	*	*	*	*	Karaja_DAT_new.txt	new
54	Kemtuik	Indonesia	Jelly van de Wilden	Scott Merrifield	Scott Merrifield	Kemtuik_DAT_new.txt	new
55	Kokni	*	*	*	*	Kokni_DAT_new.txt	new
56	Konkomba	Ghana	M. A. Langdon	Ken Merrifield	Ken Merrifield	Konkomba_DAT_new.txt	new
57	Kriol	*	*	*	*	Kriol_DAT_new.txt	new
58	Kuku-Yalanji	*	*	*	*	Kuku-Yalanji_DAT_new.txt	new
59	Kuna	Panama	Forster	Jason D. Patent	*	Kuna_DAT_new.txt	new
60	Kwerba	*	*	*	*	Kwerba_DAT_new.txt	new
61	Lele	CHAD	Pam Simons and Salet Samuel	William R. Merrifield	William R. Merrifield	Lele_DAT_new.txt	new
62	Mampruli	Ghana	Naden	Jason D. Patent	*	Mampruli_DAT_new.txt	new
63	Maring	Papua New Guinea	S. Woodward	Jason Patent	*	Maring_DAT_new.txt	new
64	Martu-Wangka	*	*	*	*	MartuWangka_DAT_new.txt	new
65	Mawchi	*	*	*	*	Mawchi_DAT_new.txt	new
66	Mayoruna	*	*	*	*	Mayoruna_DAT_new.txt	new
67	Mazahua	*	*	*	*	Mazahua_DAT_new.txt	new
68	Mazatec	*	*	*	*	Mazatec_DAT_new.txt	new
69	Menye	Papua New Guinea	Carl & Pat Whitehead	Data Input Person	Bill Merrifield	Menya_DAT_new.txt	new
70	Micmac	*	*	*	*	Micmac_DAT_new.txt	new
71	Mikasuki	U S A	David West	Scott Merrifield	Scott Merrifield	Mikasuki_DAT_new.txt	new
72	Mixtec	*	*	*	*	Mixtec_DAT_new.txt	new
73	Mundu	*	*	*	*	Mundu_DAT_new.txt	new
74	Múra Pirahá	*	*	*	*	Mura-Piraha_DAT_new.txt	new
75	Murle	*	*	*	*	Murle_DAT_new.txt	new
76	Murrinh-Patha	*	*	*	*	Murrinh-Patha_DAT_new.txt	new
77	Nafaanra	*	*	*	*	Nafaanra_DAT_new.txt	new
78	Nahuatl	*	*	*	*	Nahuatl_DAT_new.txt	new
79	Ocaina	*	*	*	*	Ocaina_DAT_new.txt	new
80	Papago	*	*	*	*	Oodham_DAT_new.txt	new
81	Patep	*	*	*	*	Patep_DAT_new.txt	new
82	Paya	*	*	*	*	Paya_DAT_new.txt	new
83	Podopa	*	*	*	*	Podopa_DAT_new.txt	new
84	Saramaccan	*	*	*	*	Saramaccan_DAT_new.txt	new
85	Seri	*	*	*	*	Seri_DAT_new.txt	new
86	Shipibo	Peru	Guillermo Ramirez	Ken Merrifield	Ken Merrifield	Shipibo_DAT_new.txt	new
87	Sirionó	*	*	*	*	Siriono_DAT_new.txt	new
88	Slave	Canada	Monus	Jason D. Patent	*	Slave_DAT_new.txt	new
89	Sursurunga	*	*	*	*	Sursurunga_DAT_new.txt	new
90	Tabla	*	*	*	*	Tabla_DAT_new.txt	new
91	Tacana	Bolivia	Ottaviano	Jason D. Patent	*	Tacana_DAT_new.txt	new
92	Tarahumara (Central)	Mexico	Don Burgess	Scott Merrifield	William R Merrifield	Tarahumara-C_DAT_new.txt	new
93	Tarahumara (Western)	Mexico	Don Burgess	Jason D. Patent	*	Tarahumara-W_DAT_new.txt	new
94	Tboli	*	*	*	*	Tboli_DAT_new.txt	new
95	Teribe	*	*	*	*	Teribe_DAT_new.txt	new
96	Ticuna	*	*	*	*	Ticuna_DAT_new.txt	new
97	Tifal	Papua N. Guinea	*	Jason D. Patent	*	Tifal_DAT_new.txt	new
98	Tlapanec	*	*	*	*	Tlapanec_DAT_new.txt	new
99	Tucano	Colombia	*	Jason D. Patent	*	Tucano_DAT_new.txt	new
100	Vagla	*	*	*	*	Vagla_DAT_new.txt	new
101	Vasavi	*	*	*	*	Vasavi_DAT_new.txt	new
102	Waorani	*	*	*	*	Waorani_DAT_new.txt	new
103	Walpiri	*	*	*	*	Warlpiri_DAT_new.txt	new
104	Wobé	*	*	*	*	Wobe_DAT_new.txt	new
105	Yacouba	*	*	*	*	Yacouba_DAT_new.txt	new
106	Yakan	*	*	*	*	Yakan_DAT_new.txt	new
107	Yaminahua	Peru	L. Eakin and N. Faust	Jason Patent	*	Yaminahua_DAT_new.txt	new
108	Yucuna	Colombia	Schauer	Jason D. Patent	*	Yucuna_DAT_new.txt	new
109	Yupik	*	*	*	*	Yupik_DAT_new.txt	new
110	Zapotec	*	*	*	*	Zapotec_DAT_new.txt	new
